reference,xmin_mm,xmax_mm,ymin_mm,ymax_mm,zmin_mm,zmax_mm,geometry_status
PCB_carrier,-37.001,37.001,-28.001,30.001,5.999,7.601,mechanical_envelope_not_footprint
Pico_board,-32.0,-11.0,-24.0,27.0,7.8,8.8,mechanical_envelope_not_footprint
Pico_components,-29.5,-13.5,-11.5,21.5,8.8,11.5,mechanical_envelope_not_footprint
Pico_microUSB,-25.5,-17.5,-24.5,-18.5,8.8,11.9,mechanical_envelope_not_footprint
XIAO_board,-8.9,8.9,10.0,31.0,7.8,8.8,mechanical_envelope_not_footprint
XIAO_shield,-6.0,6.0,16.0,28.0,8.8,11.3,mechanical_envelope_not_footprint
XIAO_USB_C,-4.5,4.5,27.0,34.0,9.9,13.1,mechanical_envelope_not_footprint
USB_A,17.3,30.7,19.8,34.0,7.6,14.6,mechanical_envelope_not_footprint
EC12D_body,18.0,30.0,-26.0,-14.0,7.6,12.6,mechanical_envelope_not_footprint
EC12D_shaft,20.999,27.001,-23.0,-17.0,12.599,30.101,mechanical_envelope_not_footprint
D2F_01,-6.4,6.4,-27.9,-22.1,7.6,14.1,mechanical_envelope_not_footprint
SW4_RUN_external,-37.0,-34.0,15.75,18.25,7.6,8.8,mechanical_envelope_not_footprint
SW3_RUN_internal,10.5,13.5,-13.25,-10.75,7.6,8.8,mechanical_envelope_not_footprint
J3_Grove,29.0,37.0,2.5,8.5,7.6,12.6,mechanical_envelope_not_footprint
OLED_PCB_frame,-21.0,21.0,10.732,31.502,13.858,56.878,mechanical_envelope_not_footprint
OLED_lower_housing,-21.0,21.0,6.668,20.452,17.906,37.81,mechanical_envelope_not_footprint
OLED_glass,-18.5,18.5,20.376,29.539,37.392,55.14,mechanical_envelope_not_footprint
OLED_Grove_plug,21.0,31.0,8.147,16.86,21.078,30.106,mechanical_envelope_not_footprint
D2,11.1,14.9,-0.0,2.0,7.6,9.0,mechanical_envelope_not_footprint
U5,19.5,22.5,9.5,12.5,7.6,9.1,mechanical_envelope_not_footprint
R_ILIM,16.5,17.5,10.75,11.25,7.6,8.1,mechanical_envelope_not_footprint
C_VBUSA_100u,20.35,27.65,1.85,6.15,7.6,12.1,mechanical_envelope_not_footprint
C_VBUSA_10u,18.2,19.8,4.6,5.4,7.6,8.5,mechanical_envelope_not_footprint
U6,13.5,16.5,14.5,17.5,7.6,9.1,mechanical_envelope_not_footprint
R_I2C_1,28.5,29.5,-0.25,0.25,7.6,8.1,mechanical_envelope_not_footprint
R_I2C_2,28.5,29.5,-2.25,-1.75,7.6,8.1,mechanical_envelope_not_footprint
C_DEC_1,17.5,18.5,12.75,13.25,7.6,8.1,mechanical_envelope_not_footprint
C_DEC_2,12.5,13.5,12.75,13.25,7.6,8.1,mechanical_envelope_not_footprint
C_DEC_3,17.5,18.5,-9.25,-8.75,7.6,8.1,mechanical_envelope_not_footprint
C_BULK_1,11.2,12.8,-5.4,-4.6,7.6,8.5,mechanical_envelope_not_footprint
C_BULK_2,14.2,15.8,-5.4,-4.6,7.6,8.5,mechanical_envelope_not_footprint
R_ENC_1,16.5,17.5,-5.25,-4.75,7.6,8.1,mechanical_envelope_not_footprint
R_ENC_2,19.5,20.5,-5.25,-4.75,7.6,8.1,mechanical_envelope_not_footprint
C_ENC_1,22.5,23.5,-5.25,-4.75,7.6,8.1,mechanical_envelope_not_footprint
C_ENC_2,25.5,26.5,-5.25,-4.75,7.6,8.1,mechanical_envelope_not_footprint
LED1_optional,6.2,7.8,-9.4,-8.6,7.6,8.4,mechanical_envelope_not_footprint
R_LED,8.5,9.5,-9.25,-8.75,7.6,8.1,mechanical_envelope_not_footprint
